Photo Id,Lat,Lng,Fixed
449487,,,
144582,,,
212373,,,
212375,,,
555665,,,
519527,,,
516425,,,
444857,,,
86209,,,
247801,,,
555213,,,
579328,,,
280925,,,
621907,,,
462670,,,
554755,,,
107049,,,
600284,,,
142309,,,
550107,,,
80737,,,
284927,,,
88302,,,
521221,,,
97296,,,
135734,,,
88991,,,
88993,,,
95505,,,
135862,,,
80856,,,
449929,,,
80846,,,
80622,,,
256602,,,
444942,,,
147637,,,
606267,,,
438487,,,
606072,,,
122299,,,
80850,,,
435547,,,
80289,,,
100659,,,
616822,,,
600351,,,
42012,,,
51663,,,
218790,,,
211632,,,
218788,,,
218823,,,
444102,,,
429760,,,
308193,,,
462670,,,
600445,,,
600284,,,
600285,,,
444942,,,
550107,,,
445362,,,
506267,,,
53560,,,
521220,,,
550107,,,
445362,,,
462330,,,
144695,,,
246693,,,
87993,,,
58969,,,
100178,,,
308607,,,
552210,,,
80579,,,
40603,,,
462330,,,
100666,,,
523849,,,
552787,,,
94112,,,
96090,,,
94250,,,
98267,,,
94251,,,
440223,,,
246693,,,
301859,,,
142101,,,
52685,,,
553267,,,
452721,,,
607488,,,
79172,,,
90240,,,
443909,,,
80737,,,
144582,,,
80610,,,
606271,,,
435547,,,
521387,,,
248004,,,
517928,,,
606267,,,
361849,,,
553179,,,
122299,,,
296733,,,
80149,,,
102101,,,
553049,,,
279424,,,
553050,,,
200339,,,
279424,,,
445263,,,
429320,,,
445175,,,
94723,,,
425990,,,
52592,,,
52595,,,
135128,,,
135128,,,
42012,,,
135129,,,
142055,,,
96815,,,
79914,,,
446929,,,
144582,,,
298082,,,
79172,,,
144582,,,
606564,,,
247929,,,
40466,,,
144582,,,
443782,,,
606069,,,
87100,,,
96368,,,
144665,,,
606080,,,
555614,,,
144666,,,
247043,,,
606264,,,
606073,,,
244309,,,
256596,,,
606268,,,
230191,,,
606272,,,
440479,,,
555614,,,
506267,,,
124560,,,
122299,,,
449929,,,
95187,,,
141935,,,
448845,,,
200339,,,
210859,,,
440911,,,
452157,,,
142085,,,
438715,,,
617017,,,
142085,,,
451814,,,
92424,,,
247010,,,
284406,,,
87993,,,
652773,,,
97321,,,
600513,,,
97408,,,
452258,,,
550107,,,
52673,,,
617017,,,
103794,,,
80850,,,
219045,,,
446315,,,
443142,,,
443143,,,
144132,,,
144666,,,
102410,,,
440479,,,
86477,,,
86481,,,
52000,,,
79945,,,
443782,,,
519696,,,
553215,,,
248122,,,
88107,,,
462661,,,
517132,,,
97640,,,
92375,,,
553127,,,
100970,,,
144147,,,
142228,,,
144582,,,
517188,,,
97640,,,
52689,,,
464005,,,
442714,,,
621906,,,
52689,,,
87993,,,
145028,,,
135734,,,
50880,,,
142085,,,
142086,,,
140356,,,
59099,,,
135734,,,
135735,,,
80289,,,
248216,,,
304774,,,
81185,,,
600438,,,
441264,,,
550107,,,
53241,,,
58969,,,
445362,,,
80582,,,
443909,,,
435547,,,
218447,,,
248123,,,
248122,,,
80964,,,
90665,,,
216362,,,
522253,,,
439623,,,
520203,,,
464005,,,
425997,,,
284186,,,
135747,,,
92424,,,
102101,,,
93947,,,
53060,,,
93998,,,
79879,,,
103741,,,
92354,,,
81290,,,
79879,,,
94584,,,
94626,,,
94587,,,
94601,,,
94602,,,
79617,,,
81290,,,
80944,,,
86835,,,
220522,,,
80579,,,
523849,,,
135167,,,
522226,,,
606267,,,
606267,,,
606267,,,
606267,,,
606267,,,
554755,,,
517132,,,
588490,,,
425990,,,
429740,,,
97296,,,
521220,,,
248005,,,
98267,,,
80737,,,
425993,,,
98267,,,
134824,,,
135746,,,
124560,,,
440039,,,
135747,,,
135746,,,
425991,,,
606512,,,
135746,,,
135746,,,
445787,,,
135746,,,
551974,,,
135746,,,
144382,,,
450052,,,
519645,,,
97296,,,
444857,,,
519696,,,
52689,,,
555619,,,
52673,,,
40200,,,
100665,,,
135743,,,
519852,,,
97876,,,
553463,,,
575060,,,
80160,,,
216362,,,
94678,,,
94530,,,
98267,,,
446357,,,
439843,,,
88991,,,
522326,,,
80289,,,
607583,,,
134824,,,
553250,,,
438347,,,
434211,,,
256595,,,
600875,,,
554209,,,
553215,,,
452428,,,
444102,,,
86175,,,
88321,,,
135131,,,
229904,,,
144523,,,
93346,,,
443126,,,
81121,,,
248104,,,
516281,,,
600438,,,
564917,,,
96090,,,
97342,,,
589657,,,
450728,,,
80828,,,
248051,,,
87100,,,
443782,,,
256654,,,
463837,,,
142228,,,
95276,,,
554755,,,
463838,,,
463839,,,
463840,,,
438350,,,
444893,,,
463841,,,
210859,,,
463842,,,
463843,,,
463844,,,
463845,,,
444102,,,
463846,,,
463847,,,
40466,,,
463848,,,
80160,,,
463849,,,
463850,,,
80737,,,
463851,,,
86175,,,
463852,,,
463853,,,
463854,,,
88991,,,
463856,,,
463857,,,
463859,,,
463860,,,
463861,,,
463862,,,
463863,,,
463864,,,
80579,,,
463865,,,
463866,,,
463867,,,
463868,,,
463869,,,
463870,,,
463871,,,
463872,,,
463873,,,
463874,,,
463875,,,
463876,,,
463877,,,
463878,,,
463879,,,
463881,,,
463880,,,
463882,,,
463883,,,
463884,,,
463885,,,
463886,,,
463887,,,
463888,,,
463889,,,
463890,,,
463891,,,
463892,,,
463893,,,
463895,,,
217283,,,
302555,,,
53560,,,
553267,,,
256596,,,
94249,,,
86674,,,
86477,,,
96368,,,
40466,,,
443909,,,
134824,,,
80579,,,
575060,,,
90250,,,
144523,,,
52689,,,
550107,,,
568034,,,
53178,,,
443909,,,
462670,,,
462670,,,
568038,,,
210859,,,
568026,,,
92424,,,
568039,,,
88429,,,
79879,,,
247525,,,
94584,,,
79075,,,
92424,,,
98267,,,
617045,,,
568050,,,
550107,,,
568049,,,
568047,,,
568051,,,
553211,,,
51459,,,
308607,,,
451814,,,
95505,,,
600911,,,
444857,,,
104464,,,
568041,,,
443909,,,
617017,,,
450052,,,
103741,,,
440527,,,
86835,,,
144321,,,
246693,,,
88429,,,
521220,,,
88430,,,
435599,,,
429309,,,
429310,,,
96536,,,
639206,,,
605671,,,
361840,,,
605674,,,
568045,,,
605675,,,
256753,,,
568044,,,
80850,,,
91523,,,
102801,,,
53060,,,
605677,,,
519638,,,
517132,,,
519626,,,
450748,,,
519627,,,
88991,,,
519639,,,
451994,,,
622011,,,
462670,,,
142313,,,
519735,,,
256805,,,
568025,,,
97296,,,
122293,,,
124544,,,
134807,,,
90277,,,
568024,,,
90278,,,
90390,,,
96088,,,
435130,,,
90396,,,
102679,,,
91837,,,
96348,,,
79561,,,
99786,,,
79143,,,
38540,,,
600417,,,
462855,,,
518134,,,
462839,,,
463349,,,
463690,,,
516194,,,
80944,,,
516800,,,
600284,,,
554755,,,
523858,,,
80313,,,
53123,,,
550903,,,
50756,,,
574864,,,
574821,,,
574863,,,
80737,,,
575021,,,
575168,,,
212833,,,
210859,,,
40466,,,
80737,,,
79809,,,
652604,,,
53560,,,
96603,,,
79662,,,
101098,,,
101099,,,
79734,,,
101100,,,
86175,,,
550176,,,
50949,,,
50950,,,
50951,,,
579888,,,
219582,,,
97443,,,
84433,,,
80464,,,
40466,,,
79154,,,
79075,,,
79879,,,
140324,,,
639206,,,
220205,,,
86835,,,
103741,,,
97296,,,
605671,,,
462670,,,
134807,,,
94626,,,
94584,,,
97296,,,
94587,,,
94601,,,
550107,,,
94602,,,
79617,,,
135737,,,
100154,,,
247357,,,
443909,,,
81290,,,
550107,,,
92354,,,
92352,,,
445350,,,
445465,,,
452912,,,
605671,,,
94071,,,
439623,,,
247526,,,
87100,,,
564822,,,
218784,,,
247526,,,
248004,,,
607788,,,
552210,,,
668558,,,
553127,,,
449148,,,
633806,,,
142320,,,
425990,,,
444942,,,
51582,,,
86704,,,
554209,,,
434211,,,
50752,43.654214,-79.419971,
308165,,,
80196,,,
96599,,,
96596,,,
142240,,,
142241,,,
142242,,,
142243,,,
142244,,,
142246,,,
519546,,,
256667,,,
256750,,,
80850,,,
40603,,,
555427,,,
279424,,,
256602,,,
439843,,,
79118,,,
579888,,,
284406,,,
292207,,,
444358,,,
145028,,,
135738,,,
601393,,,
219045,,,
79154,,,
425990,,,
248336,,,
444774,,,
445244,,,
40466,,,
574537,,,
90285,,,
441264,,,
555335,,,
42241,,,
574537,,,
80200,,,
53060,,,
93337,,,
230191,,,
247999,,,
94249,,,
308607,,,
92424,,,
96599,,,
607971,,,
574821,,,
574845,,,
574863,,,
574864,,,
248216,,,
600438,,,
574992,,,
574993,,,
575168,,,
575060,,,
555203,,,
135734,,,
444857,,,
52689,,,
452424,,,
608006,,,
80964,,,
142085,,,
606494,,,
606495,,,
606497,,,
142086,,,
219045,,,
142101,,,
440115,,,
440116,,,
443142,,,
440145,,,
555319,,,
601417,,,
601418,,,
440168,,,
551968,,,
136009,,,
462357,,,
97412,,,
144660,,,
256596,,,
600911,,,
79843,,,
443142,,,
443143,,,
607847,,,
606072,,,
218823,,,
308607,,,
79805,,,
606081,,,
449148,,,
606069,,,
440084,,,
606079,,,
606080,,,
462330,,,
606077,,,
80610,,,
144132,,,
100665,,,
606076,,,
617017,,,
606076,,,
443527,,,
606272,,,
551086,,,
606273,,,
606274,,,
248004,,,
716680,,,
142228,,,
553178,,,
606270,,,
523857,,,
606269,,,
606268,,,
80737,,,
606078,,,
94249,,,
429248,,,
643296,,,
434995,,,
444857,,,
284186,,,
462330,,,
555554,,,
463411,,,
52809,,,
579328,,,
579515,,,
579517,,,
144874,,,
247351,,,
42241,,,
450748,,,
575003,,,
88024,,,
142228,,,
144382,,,
464005,,,
464005,,,
439623,,,
135746,,,
80737,,,
446809,,,
122293,,,
302520,,,
552606,,,
53097,,,
521975,,,
84810,,,
449443,,,
84810,,,
216415,,,
452157,,,
445455,,,
298088,,,
144717,,,
218447,,,
552190,,,
555614,,,
284927,,,
218823,,,
553250,,,
550176,,,
97321,,,
250790,,,
607972,,,
80944,,,
449929,,,
138864,,,
444102,,,
446349,,,
38689,,,
463896,,,
434316,,,
144695,,,
97412,,,
519198,,,
519198,,,
90250,,,
102754,,,
449929,,,
444784,,,
80289,,,
135735,,,
135734,,,
52192,,,
607860,,,
92424,,,
42012,,,
42029,,,
553215,,,
96815,,,
152834,,,
248565,,,
144695,,,
462842,,,
122293,,,
87595,,,
463837,,,
450676,,,
440678,,,
554209,,,
554209,,,
601344,,,
86374,,,
551686,,,
92424,,,
97175,,,
256608,,,
439623,,,
92424,,,
53097,,,
79522,,,
607970,,,
96867,,,
256595,,,
550107,,,
449148,,,
256596,,,
633944,,,
256750,,,
136009,,,
506220,,,
517203,,,
52000,,,
50680,,,
229493,,,
80585,,,
256750,,,
444102,,,
51972,,,
553250,,,
607321,,,
588920,,,
92424,,,
607962,,,
248005,,,
135734,,,
443027,,,
88321,,,
554081,,,
80944,,,
438715,,,
80792,,,
554083,,,
38688,,,
517927,,,
81172,,,
80940,,,
81256,,,
600136,,,
86630,,,
444102,,,
52725,,,
144382,,,
79781,,,
92375,,,
79641,,,
79945,,,
79951,,,
256690,,,
135769,,,
86825,,,
80964,,,
79154,,,
573792,,,
102801,,,
553711,,,
443909,,,
96090,,,
452424,,,
552154,,,
436068,,,
436069,,,
436062,,,
436063,,,
436064,,,
436065,,,
436066,,,
436067,,,
436070,,,
436071,,,
436073,,,
436072,,,
436074,,,
436075,,,
436076,,,
553084,,,
210860,,,
210859,,,
210861,,,
210864,,,
210865,,,
210866,,,
87100,,,
446352,,,
210867,,,
575021,,,
122299,,,
53097,,,
297209,,,
140656,,,
440223,,,
210859,,,
134824,,,
446349,,,
290919,,,
606562,,,
553049,,,
553050,,,
446344,,,
102101,,,
87100,,,
444102,,,
142218,,,
52000,,,
84195,,,
84430,,,
142313,,,
142085,,,
142086,,,
140356,,,
88849,,,
88850,,,
59099,,,
97188,,,
248216,,,
617017,,,
617018,,,
520709,,,
247121,,,
144382,,,
550897,,,
103817,,,
87993,,,
552210,,,
450803,,,
216376,,,
216453,,,
216376,,,
216374,,,
52689,,,
216373,,,
579888,,,
216375,,,
79945,,,
51972,,,
463837,43.654712,-79.381728,
216430,,,
98267,,,
444857,,,
519901,,,
98267,,,
444823,,,
425990,,,
218823,,,
94678,,,
256596,,,
463837,,,
247128,,,
96599,,,
96601,,,
554041,,,
554042,,,
452800,,,
79250,,,
446315,,,
462670,,,
445175,,,
605671,,,
555443,,,
606081,,,
606079,,,
462602,,,
606080,,,
606069,,,
606077,,,
102754,,,
606268,,,
606269,,,
517928,,,
588490,,,
606270,,,
553267,,,
445266,,,
40603,,,
588615,,,
606073,,,
606075,,,
607806,,,
606074,,,
94602,,,
554755,,,
80585,,,
219603,,,
122293,,,
219604,,,
219606,,,
124544,,,
144695,,,
152825,,,
80289,,,
435130,,,
102744,,,
462823,,,
218796,,,
79945,,,
523877,,,
80582,,,
216386,,,
429760,,,
435598,,,
553215,,,
216386,,,
100970,,,
95022,,,
216416,,,
88321,,,
440911,,,
522221,,,
429199,,,
463841,,,
53560,,,
427660,,,
87578,,,
84462,,,
463841,,,
449487,,,
51972,,,
716580,,,
606272,,,
135167,,,
140656,,,
606273,,,
38422,,,
606274,,,
88991,,,
248504,,,
135737,,,
79734,,,
95210,,,
606268,,,
90076,,,
606269,,,
42103,,,
606270,,,
600324,,,
135746,,,
87100,,,
600320,,,
100665,,,
307474,,,
550176,,,
550282,,,
301344,,,
446315,,,
248769,,,
444942,,,
84162,,,
90851,,,
80582,,,
142228,,,
522479,,,
144582,,,
125313,,,
522485,,,
94530,,,
553267,,,
463126,,,
53123,,,
275441,,,
40487,,,
94112,,,
50752,,,
94071,,,
92424,,,
144551,,,
298736,,,
440223,,,
452258,,,
552370,,,
519546,,,
552372,,,
552373,,,
218790,,,
441101,,,
210859,,,
210859,,,
427660,,,
103741,,,
523602,,,
84764,,,
248004,,,
452428,,,
519332,,,
553267,,,
96708,,,
94249,,,
81213,,,
219476,,,
135746,,,
80015,,,
439623,,,
98267,,,
93519,,,
142309,,,
246693,,,
506267,,,
246693,,,
440911,,,
248005,,,
555213,,,
142228,,,
107049,,,
521220,,,
521221,,,
446344,,,
80585,,,
219045,,,
652584,,,
40466,,,
50880,,,
445315,,,
49700,,,
571893,,,
80440,,,
452157,,,
443455,,,
574764,,,
574765,,,
574766,,,
574767,,,
606497,,,
80585,,,
599791,,,
464005,,,
425993,,,
100659,,,
86812,,,
607422,,,
606081,,,
443782,,,
308193,,,
517928,,,
79945,,,
529285,,,
529332,,,
519636,,,
519496,,,
298088,,,
440831,,,
100665,,,
520203,,,
553309,,,
107049,,,
607411,,,
446344,,,
449487,,,
520039,,,
92424,,,
93944,,,
38688,,,
93944,,,
93944,,,
98083,,,
600881,,,
248004,,,
506220,,,
87556,,,
135746,,,
375117,,,
361840,,,
462903,,,
298059,,,
553215,,,
100970,,,
100970,,,
606267,,,
440807,,,
79620,,,
444942,,,
443420,,,
555336,,,
80572,,,
90327,,,
86684,,,
600513,,,
452258,,,
92375,,,
606078,,,
606075,,,
606076,,,
606079,,,
606080,,,
606265,,,
606266,,,
606267,,,
298082,,,
440538,,,
298084,,,
97412,,,
144695,,,
80442,,,
135746,,,
102754,,,
216415,,,
79201,,,
135737,,,
86477,,,
218796,,,
429249,,,
100665,,,
300288,,,
522253,,,
716680,,,
80289,,,
435547,,,
462367,,,
211197,,,
134824,,,
81100,,,
134824,,,
633833,,,
40603,,,
633842,,,
519899,,,
425990,,,
210837,,,
210838,,,
256667,,,
256690,,,
210840,,,
81183,,,
429758,,,
639206,,,
220205,,,
86835,,,
103741,,,
605671,,,
134807,,,
462670,,,
220099,,,
452434,,,
247526,,,
564822,,,
39492,,,
256685,,,
218940,,,
145028,,,
519756,,,
41898,,,
218447,,,
256602,,,
529332,,,
79534,,,
446344,,,
80585,,,
506267,,,
94112,,,
444102,,,
443909,,,
302553,,,
218447,,,
102746,,,
219045,,,
79201,,,
81004,,,
443232,,,
517132,,,
80944,,,
575021,,,
575027,,,
575028,,,
301192,,,
600928,,,
256595,,,
144382,,,
79734,,,
550897,,,
550107,,,
79985,,,
124547,,,
94606,,,
256667,,,
298088,,,
517188,,,
144382,,,
521220,,,
53560,,,
144147,,,
97296,,,
93337,,,
601393,,,
444102,,,
84469,,,
522330,,,
52725,,,
248122,,,
452424,,,
142228,,,
444857,,,
80160,,,
361849,,,
248051,,,
100666,,,
444102,,,
553267,,,
256750,,,
95210,,,
550107,,,
93932,,,
308207,,,
445362,,,
550107,,,
308208,,,
145028,,,
53569,,,
608006,,,
608007,,,
216453,,,
588615,,,
41845,,,
41852,,,
607724,,,
579888,,,
553178,,,
92198,,,
605921,,,
97640,,,
605922,,,
97642,,,
53123,,,
97644,,,
94857,,,
551974,,,
124560,,,
451131,,,
425990,,,
444893,,,
555213,,,
451132,,,
621906,,,
621907,,,
621908,,,
574205,,,
601434,,,
506267,,,
87813,,,
142221,,,
443782,,,
142085,43.66443,-79.392346,
506267,,,
95844,,,
446315,,,
298088,,,
142086,,,
140356,,,
464005,,,
88849,,,
96603,,,
88850,,,
59099,,,
97186,,,
97188,,,
97189,,,
98267,,,
152825,,,
216386,,,
218790,,,
575021,,,
446349,,,
79945,,,
446349,,,
80289,,,
80015,,,
79154,,,
256649,,,
523913,,,
463126,,,
440990,,,
79281,,,
521220,,,
522468,,,
97296,,,
550107,,,
144695,,,
574205,,,
550107,,,
444102,,,
90069,,,
519516,,,
42143,,,
553215,,,
122299,,,
361840,,,
361841,,,
362016,,,
303206,,,
284927,,,
98267,,,
555213,,,
452258,,,
462509,,,
462602,,,
296733,,,
605524,,,
135159,,,
142330,,,
574671,,,
135754,,,
135741,,,
135734,,,
87100,,,
553267,,,
550107,,,
79879,,,
135163,,,
445362,,,
79154,,,
87100,,,
53060,,,
80393,,,
86463,,,
555665,,,
135749,,,
80677,,,
135751,,,
135164,,,
81154,,,
79627,,,
79891,,,
87638,,,
40603,,,
87604,,,
135164,,,
79519,,,
93998,,,
87100,,,
436062,,,
93947,,,
144598,,,
568023,,,
211115,,,
145015,,,
145017,,,
144147,,,
94250,,,
94251,,,
446315,,,
90851,,,
716680,,,
579327,,,
84162,,,
84165,,,
92424,,,
211552,,,
142228,,,
308165,,,
96603,,,
80160,,,
575060,,,
94678,,,
52000,,,
40200,,,
519496,,,
40197,,,
553215,,,
506267,,,
81237,,,
80331,,,
135769,,,
80332,,,
80828,,,
80367,,,
107050,,,
96708,,,
574672,,,
517132,,,
574689,,,
256652,,,
87100,,,
80366,,,
144695,,,
443459,,,
446349,,,
40466,,,
98267,,,
248216,,,
79945,,,
88998,,,
452440,,,
551473,,,
298088,,,
40487,,,
98083,,,
40491,,,
87687,,,
439623,,,
93523,,,
88024,,,
553093,,,
216477,,,
142240,,,
142241,,,
142242,,,
142243,,,
142244,,,
142246,,,
215683,,,
215684,,,
246693,,,
50994,,,
50995,,,
50997,,,
50998,,,
50999,,,
443326,,,
51000,,,
298059,,,
575021,,,
218752,,,
141923,,,
141924,,,
437166,,,
218788,,,
141923,,,
49097,,,
218796,,,
444358,,,
579867,,,
445175,,,
256667,,,
579888,,,
80160,,,
429760,,,
462258,,,
600003,,,
94251,,,
94250,,,
553134,,,
94606,,,
93120,,,
297401,,,
452428,,,
52033,,,
93126,,,
92424,,,
303537,,,
451950,,,
79429,,,
289226,,,
519496,,,
142180,,,
98083,,,
599791,,,
94249,,,
96603,,,
79879,,,
79075,,,
94626,,,
103741,,,
86835,,,
220205,,,
87687,,,
639206,,,
96866,,,
90784,,,
247525,,,
135746,,,
135747,,,
97296,,,
247357,,,
100154,,,
79617,,,
94602,,,
94601,,,
94587,,,
94584,,,
93337,,,
84602,,,
50095,,,
600881,,,
94249,,,
94678,,,
716680,,,
439623,,,
256596,,,
144582,,,
93519,,,
142085,,,
444102,,,
300288,,,
444102,,,
88024,,,
247401,,,
84224,,,
144382,,,
210859,,,
211197,,,
429740,,,
446349,,,
601393,,,
523602,,,
522326,,,
607424,,,
144695,,,
607428,,,
298059,,,
550915,,,
256710,,,
52689,,,
444857,,,
246693,,,
40614,,,
464005,,,
84224,,,
446344,,,
442455,,,
439623,,,
444102,,,
574205,,,
80289,,,
135769,,,
86175,,,
38484,,,
444102,,,
135131,,,
435547,,,
135133,,,
135135,,,
229904,,,
375121,,,
600419,,,
89708,,,
520203,,,
506267,,,
80964,,,
247526,,,
40614,,,
97321,,,
100970,,,
506267,,,
452258,,,
552163,,,
438715,,,
600206,,,
575021,,,
643296,,,
100665,,,
80160,,,
425731,,,
289225,,,
521220,,,
521221,,,
218784,,,
86209,,,
300358,,,
81237,,,
142101,,,
555665,,,
52862,,,
98267,,,
439623,,,
144382,,,
308607,,,
79522,,,
102653,,,
444192,,,
434302,,,
80737,,,
445362,,,
79075,,,
81188,,,
506267,,,
135769,,,
80850,,,
517188,,,
564920,,,
79831,,,
519705,,,
218796,,,
429760,,,
92424,,,
575284,,,
575292,,,
94723,,,
554755,,,
219045,,,
670628,,,
519198,,,
622014,,,
553179,,,
210859,,,
606564,,,
551974,,,
297401,,,
550107,,,
40603,,,
446337,,,
445362,,,
591533,,,
550176,,,
247357,,,
600881,,,
102101,,,
53560,,,
296733,,,
425990,,,
622011,,,
443909,,,
462670,,,
142314,,,
247525,,,
564822,,,
247526,,,
605671,,,
134807,,,
639206,,,
220205,,,
86835,,,
103741,,,
216415,,,
79879,,,
94626,,,
79075,,,
247357,,,
79617,,,
94587,,,
92352,,,
84602,,,
436056,,,
87100,,,
451279,,,
551541,,,
519325,,,
107053,,,
291760,,,
135769,,,
622011,,,
523602,,,
86682,,,
51530,,,
88100,,,
134824,,,
256596,,,
145028,,,
551810,,,
442343,,,
142313,,,
142314,,,
443420,,,
443421,,,
443422,,,
288699,,,
517928,,,
97410,,,
144565,,,
219480,,,
219484,,,
219485,,,
86684,,,
219045,,,
97296,,,
79054,,,
521220,,,
89708,,,
429740,,,
96603,,,
517188,,,
523849,,,
435547,,,
443782,,,
256595,,,
299447,,,
80313,,,
88321,,,
444942,,,
451818,,,
444828,,,
444102,,,
434302,,,
434303,,,
122293,,,
434314,,,
434315,,,
607434,,,
554755,,,
446315,,,
297401,,,
440479,,,
643296,,,
80944,,,
550176,,,
96088,,,
451231,,,
506267,,,
550107,,,
80737,,,
441264,,,
575021,,,
575027,,,
575028,,,
506267,,,
600877,,,
519546,,,
80289,,,
94991,,,
442322,,,
442321,,,
550107,,,
40466,,,
210859,,,
446337,,,
142085,,,
84195,,,
87687,,,
98083,,,
445172,,,
80808,,,
279424,,,
279424,,,
440676,,,
81349,,,
79392,,,
452424,,,
218823,,,
49419,,,
211116,,,
284927,,,
216415,,,
39492,,,
519496,,,
446315,,,
443909,,,
429760,,,
444102,,,
361849,,,
429760,,,
579888,,,
80913,,,
617017,,,
84775,,,
247121,,,
617017,,,
142085,,,
84191,,,
600003,,,
521220,,,
97296,,,
218796,,,
147566,,,
218790,,,
122299,,,
80160,,,
440562,,,
145028,,,
463841,,,
578884,,,
80585,,,
555029,,,
555030,,,
462820,,,
462821,,,
216415,,,
462825,,,
244309,,,
462823,,,
98267,,,
425990,,,
443909,,,
519496,,,
522326,,,
94678,,,
606073,,,
107049,,,
210859,,,
606078,,,
522253,,,
448850,,,
97923,,,
102801,,,
95211,,,
506267,,,
716680,,,
80015,,,
445829,,,
247010,,,
522253,,,
550903,,,
142218,,,
519496,,,
96405,,,
298505,,,
519496,,,
42012,,,
439623,,,
107049,,,
452440,,,
600561,,,
96603,,,
520203,,,
454503,,,
600513,,,
452258,,,
218447,,,
144876,,,
250790,,,
550107,,,
40487,,,
445362,,,
100659,,,
550107,,,
436475,,,
38688,,,
523913,,,
523912,,,
293064,,,
519758,,,
440581,,,
98267,,,
519735,,,
605671,,,
462661,,,
600900,,,
100970,,,
553215,,,
134807,,,
94584,,,
102410,,,
601307,,,
92424,,,
519516,,,
86477,,,
440460,,,
79250,,,
135746,,,
600900,,,
51972,,,
94263,,,
97269,,,
434211,,,
450748,,,
213722,,,
521220,,,
97628,,,
144382,,,
622194,,,
622195,,,
80160,,,
622196,,,
579867,,,
435130,,,
211115,,,
79895,,,
87100,,,
94250,,,
92375,,,
449425,,,
40464,,,
608006,,,
608007,,,
448965,,,
588490,,,
551974,,,
425990,,,
94054,,,
144582,,,
144147,,,
125313,,,
441264,,,
40200,,,
88991,,,
89708,,,
443553,,,
575021,,,
575060,,,
553463,,,
101473,,,
446344,,,
144382,,,
41845,,,
462670,,,
555665,,,
445269,,,
446335,,,
446329,,,
107049,,,
107050,,,
107051,,,
107052,,,
107053,,,
425792,,,
607550,,,
210859,,,
122293,,,
96370,,,
283888,,,
607434,,,
107049,,,
80850,,,
88745,,,
425792,,,
462612,,,
142228,,,
145028,,,
575021,,,
90853,,,
92424,,,
552154,,,
552156,,,
552163,,,
256750,,,
601429,,,
440223,,,
464005,,,
107049,,,
144576,,,
94054,,,
94054,,,
210859,,,
247010,,,
521975,,,
248044,,,
463837,,,
579888,,,
429760,,,
87640,,,
519758,,,
519761,,,
444102,,,
443909,,,
248044,,,
134824,,,
140656,,,
553179,,,
575021,,,
80737,,,
80737,,,
441264,,,
87100,,,
440902,,,
517188,,,
519899,,,
519900,,,
519901,,,
552851,,,
553093,,,
135994,,,
135764,,,
462509,,,
462602,,,
579517,,,
134824,,,
94129,,,
452440,,,
443142,,,
256750,,,
219045,,,
298084,,,
142228,,,
551910,,,
298082,,,
599787,,,
86477,,,
52689,,,
575168,,,
451814,,,
517928,,,
575171,,,
42143,,,
92424,,,
134824,,,
288232,,,
443909,,,
219555,,,
219553,,,
144582,,,
96603,,,
256602,,,
87100,,,
218447,,,
218784,,,
289225,,,
444857,,,
452424,,,
305470,,,
435547,,,
564823,,,
147581,,,
517928,,,
443782,,,
606513,,,
80964,,,
445362,,,
247091,,,
462612,,,
440538,,,
523849,,,
606274,,,
300131,,,
553179,,,
446349,,,
50743,,,
86842,,,
282267,,,
142101,,,
81278,,,
552221,,,
463842,,,
429248,,,
107051,,,
107052,,,
426270,,,
463898,,,
463896,,,
94639,,,
94643,,,
94644,,,
94645,,,
94647,,,
94648,,,
94660,,,
79951,,,
79951,,,
463896,,,
601096,,,
248504,,,
463838,,,
506232,,,
552221,,,
523879,,,
462272,,,
247929,,,
105267,,,
105267,,,
523854,,,
282388,,,
521812,,,
93523,,,
93520,,,
621996,,,
607964,,,
607965,,,
607965,,,
254125,,,
256540,,,
256541,,,
217337,,,
254121,,,
254126,,,
254121,,,
79951,,,
523850,,,
523852,,,
446826,,,
80808,,,
555466,,,
440581,,,
211116,,,
425991,,,
441083,,,
96542,,,
96540,,,
248507,,,
94639,,,
446923,,,
443777,,,
248123,,,
248319,,,
87578,,,
248361,,,
254175,,,
552208,,,
519509,,,
452606,,,
606271,,,
606513,,,
606271,,,
144147,,,
96536,,,
606074,,,
606021,,,
606022,,,
53569,,,
281137,,,
429248,,,
218953,,,
248481,,,
607724,,,
122290,,,
287876,,,
42521,,,
93520,,,
93523,,,
281137,,,
444801,,,
300131,,,
88430,,,
605674,,,
94619,,,
97186,,,
97189,,,
439354,,,
87819,,,
90434,,,
142229,,,
230002,,,
553244,,,
446388,,,
142229,,,
80200,,,
555207,,,
462258,,,
96644,,,
79178,,,
425991,,,
434212,,,
248319,,,
523230,,,
462258,,,
434138,,,
107051,,,
445783,,,
247844,,,
97189,,,
444819,,,
97186,,,
444817,,,
444817,,,
522766,,,
522847,,,
441313,,,
577948,,,
79895,,,
79755,,,
517927,,,
555267,,,
107051,,,
211676,,,
211676,,,
211677,,,
522327,,,
440916,,,
287876,,,
248123,,,
446388,,,
287876,,,
invalid,,,
445685,,,
445177,,,
94649,,,
506232,,,
519509,,,
247128,,,
440938,,,
287876,,,
79951,,,
517314,,,
519638,,,
517091,,,
519639,,,
519627,,,
88430,,,
429309,,,
429310,,,
79054,,,
79092,,,
281137,,,
93523,,,
522211,,,
607718,,,
210860,,,
441313,,,
287876,,,
79951,,,
429126,,,
633910,,,
633890,,,
248360,,,
633920,,,
97189,,,
605674,,,
88430,,,
79793,,,
84135,,,
442244,,,
229700,,,
442251,,,
553341,,,
435507,,,
425991,,,
87813,,,
436142,,,
436136,,,
436136,,,
248123,,,
605674,,,
79951,,,
303537,,,
138864,,,
220111,,,
107051,,,
107051,,,
107052,,,
438366,,,
523850,,,
212428,,,
600475,,,
462272,,,
442408,,,
211116,,,
463896,,,
522185,,,
605674,,,
462903,,,
362016,,,
462258,,,
462358,,,
88430,,,
107051,,,
107051,,,
107052,,,
448781,,,
440936,,,
436065,,,
552221,,,
463896,,,
516337,,,
516338,,,
516339,,,
523603,,,
516340,,,
248123,,,
302555,,,
93109,,,
93109,,,
51457,,,
440954,,,
425991,,,
575284,,,
79066,,,
107051,,,
523851,,,
523850,,,
523852,,,
523853,,,
523854,,,
523855,,,
523856,,,
523857,,,
523858,,,
523859,,,
571483,,,
282388,,,
552221,,,
429248,,,
601001,,,
522186,,,
100177,,,
552913,,,
100178,,,
122290,,,
142223,,,
86682,,,
552208,,,
523603,,,
218792,,,
436068,,,
520335,,,
96005,,,
96000,,,
142229,,,
607798,,,
287876,,,
522506,,,
84165,,,
218752,,,
248123,,,
522185,,,
218951,,,
218952,,,
522327,,,
218950,,,
606510,,,
218948,,,
606511,,,
94619,,,
552787,,,
90431,,,
607492,,,
445666,,,
519495,,,
135757,,,
80767,,,
450103,,,
520335,,,
445829,,,
107051,,,
107052,,,
436136,,,
210860,,,
210861,,,
210864,,,
210865,,,
210866,,,
210867,,,
210860,,,
210860,,,
79951,,,
436475,,,
212404,,,
105385,,,
107051,,,
104464,,,
607965,,,
212404,,,
552957,,,
599749,,,
38469,,,
38483,,,
38494,,,
38495,,,
281159,,,
40652,,,
40653,,,
40664,,,
93785,,,
633851,,,
445298,,,
522197,,,
107052,,,
107051,,,
445263,,,
287876,,,
601344,,,
40169,,,
463840,,,
247128,,,
248504,,,
248504,,,
90069,,,
79290,,,
606271,,,
84165,,,
142229,,,
247351,,,
96092,,,
140386,,,
87799,,,
142204,,,
523876,,,
247929,,,
93948,,,
94004,,,
554488,,,
607718,,,
287876,,,
616868,,,
216620,,,
519503,,,
462339,,,
79382,,,
522436,,,
248481,,,
207145,,,
436475,,,
519917,,,
281137,,,
519919,,,
633869,,,
142221,,,
452723,,,
248504,,,
463838,,,
247128,,,
287876,,,
147513,,,
520029,,,
107051,,,
436136,,,
97189,,,
79663,,,
220111,,,
452816,,,
520335,,,
462272,,,
41444,,,
94625,,,
94619,,,
94618,,,
211089,,,
88430,,,
220238,,,
605674,,,
79951,,,
605675,,,
605677,,,
517314,,,
519638,,,
517091,,,
519626,,,
519627,,,
142229,,,
436136,,,
446503,,,
446505,,,
445172,,,
97186,,,
97189,,,
425991,,,
84191,,,
84469,,,
79620,,,
84165,,,
553244,,,
451464,,,
451465,,,
451466,,,
452465,,,
452469,,,
601373,,,
601376,,,
601379,,,
601404,,,
451408,,,
443338,,,
39046,,,
287876,,,
605941,,,
606594,,,
107051,,,
452480,,,
86785,,,
553114,,,
86785,,,
519556,,,
451122,,,
107051,,,
107052,,,
425991,,,
462358,,,
462359,,,
519325,,,
519324,,,
107052,,,
107051,,,
429248,,,
553244,,,
522327,,,
301192,,,
142229,,,
216455,,,
216454,,,
97509,,,
523850,,,
462272,,,
211676,,,
124565,,,
86826,,,
80808,,,
523879,,,
94004,,,
93948,,,
452896,,,
93297,,,
434340,,,
434341,,,
434342,,,
434343,,,
434344,,,
571316,,,
571327,,,
38070,,,
87535,,,
307474,,,
41030,,,
94639,,,
440581,,,
618438,,,
550634,,,
568034,,,
606495,,,
568039,,,
606494,,,
94990,,,
305470,,,
51605,,,
87953,,,
230035,,,
230208,,,
59241,,,
521838,,,
518464,,,
444774,,,
79695,,,
425991,,,
519969,,,
444817,,,
444828,,,
444828,,,
79066,,,
216454,,,
216455,,,
220238,,,
452181,,,
550342,,,
522740,,,
522744,,,
522745,,,
522746,,,
522753,,,
522755,,,
522853,,,
522854,,,
522855,,,
522874,,,
522875,,,
97371,,,
522876,,,
522879,,,
522327,,,
522880,,,
522881,,,
522882,,,
522883,,,
523133,,,
523135,,,
100499,,,
100499,,,
292207,,,
292208,,,
97571,,,
279607,,,
522436,,,
88430,,,
220238,,,
94619,,,
94618,,,
94625,,,
633867,,,
96374,,,
39712,,,
555466,,,
633665,,,
97189,,,
633674,,,
550798,,,
445350,,,
463842,,,
38427,,,
99182,,,
91712,,,
81100,,,
90077,,,
247496,,,
93520,,,
552018,,,
142101,,,
97186,,,
84469,,,
218953,,,
86682,,,
529285,,,
52674,,,
229932,,,
229885,,,
230223,,,
52862,,,
304610,,,
304609,,,
97186,,,
290919,,,
84191,,,
290920,,,
290921,,,
290923,,,
207145,,,
84430,,,
215683,,,
215684,,,
248481,,,
248483,,,
429248,,,
80243,,,
86682,,,
443907,,,
79951,,,
607422,,,
429248,,,
429249,,,
436068,,,
96005,,,
248319,,,
248361,,,
282388,,,
282388,,,
86682,,,
462463,,,
248481,,,
427661,,,
84462,,,
429248,,,
555306,,,
574671,,,
574682,,,
574689,,,
446383,,,
93109,,,
107051,,,
142229,,,
248361,,,
96593,,,
248361,,,
144147,,,
124565,43.646927,-79.413811,
506265,43.646927,-79.413811,
449170,43.646927,-79.413811,
79051,43.646927,-79.413811,
81347,43.646927,-79.413811,
88990,43.646927,-79.413811,
53016,43.646927,-79.413811,
80063,43.646927,-79.413811,
80064,43.646927,-79.413811,
80065,43.646927,-79.413811,
80066,43.646927,-79.413811,
80068,43.646927,-79.413811,
100965,43.646927,-79.413811,
100966,43.646927,-79.413811,
100967,43.646927,-79.413811,
100968,43.646927,-79.413811,
100969,43.646927,-79.413811,
230090,43.645386,-79.413219,
53154,43.645386,-79.413219,
288582,43.960384,-78.284912,
288583,43.960384,-78.284912,
288584,43.960384,-78.284912,